{"train/loss": 0.37216627515576156, "valid/loss": 0.11989696239125854, "lr": 0.0007978087581473094, "f1_at_0.1": 0.0, "f1_at_0.2": 0.0, "f1_at_0.3": 0.0, "_timestamp": 1649839167, "_runtime": 57, "_step": 0, "_wandb": {"runtime": 93}}