{"train/loss": 0.07594980480502211, "valid/loss": 0.0072477490319089516, "lr": 0.0004998477067547739, "f1_at_0.01": 0.0, "f1_at_0.05": 0.0, "f1_at_0.1": 0.0, "f1_at_0.2": 0.0, "f1_at_0.3": 0.0, "f1_at_0.5": 0.0, "f1_at_0.7": 0.0, "_timestamp": 1649847019, "_runtime": 21, "_step": 0, "_wandb": {"runtime": 24}}