{"f1_at_008_epoch/train": 0.783754014391435, "_timestamp": 1649298985, "_runtime": 35013, "f1_at_01_epoch/train": 0.8330793741991291, "f1_at_02_epoch/train": 0.9046366902650044, "f1_at_03_epoch/train": 0.8771971876845204, "mAP_epoch/train": 0.900744863557212, "loss_epoch/train": 0.0011933966281787523, "loss/mean_epoch/train": 0.0011933966281787523, "loss/std_epoch/train": 0.00031847976701236485, "lr_epoch/train": 0.0002479055466999231, "momentum_epoch/train": 0.9, "f1_at_008_epoch/valid": 0.6853460340267048, "f1_at_01_epoch/valid": 0.7259115990430464, "f1_at_02_epoch/valid": 0.78167819315581, "f1_at_03_epoch/valid": 0.758976187804865, "mAP_epoch/valid": 0.6594171012275133, "loss_epoch/valid": 0.0031977439388878527, "loss/mean_epoch/valid": 0.0031977439388878527, "loss/std_epoch/valid": 0.001652956638758913, "lr_epoch/valid": 0.0002479055466999231, "momentum_epoch/valid": 0.9, "lr_epoch/_epoch_": 0.00015000000000000167, "momentum_epoch/_epoch_": 0.9, "_step": 60, "_wandb": {"runtime": 35013}}