{"f1_at_008_epoch/train": 0.32627886061537464, "_timestamp": 1649275093, "_runtime": 11121, "f1_at_01_epoch/train": 0.4133465344585918, "f1_at_02_epoch/train": 0.4399130664806955, "f1_at_03_epoch/train": 0.304089495967284, "mAP_epoch/train": 0.2648664620395055, "loss_epoch/train": 0.005165207131633545, "loss/mean_epoch/train": 0.005165207131633545, "loss/std_epoch/train": 0.0005174195872474452, "lr_epoch/train": 0.0006, "momentum_epoch/train": 0.9, "f1_at_008_epoch/valid": 0.3176168854239527, "f1_at_01_epoch/valid": 0.3988676817005459, "f1_at_02_epoch/valid": 0.5202669707718512, "f1_at_03_epoch/valid": 0.4224060094137509, "mAP_epoch/valid": 0.33881976004153386, "loss_epoch/valid": 0.0044064966545451865, "loss/mean_epoch/valid": 0.0044064966545451865, "loss/std_epoch/valid": 0.0018997959473900288, "lr_epoch/valid": 0.0006, "momentum_epoch/valid": 0.9, "lr_epoch/_epoch_": 0.0005819077862357726, "momentum_epoch/_epoch_": 0.9, "_step": 19}