{"train/loss": 0.03066680099249097, "valid/loss": 0.008580727810958321, "lr": 0.0009975923633360985, "f1_at_0.2": 0.0, "f1_at_0.25": 0.0, "f1_at_0.3": 0.0, "_timestamp": 1651303240, "_runtime": 518, "_step": 0}