{"train/loss": 0.38550038102502915, "valid/loss": 0.06311555321399982, "lr": 0.0009972609476841367, "f1_at_0.15": 0.1294017094017094, "f1_at_0.2": 0.02692307692307692, "f1_at_0.25": 0.007692307692307693, "_timestamp": 1650788530, "_runtime": 266, "_step": 0, "_wandb": {"runtime": 357}}