{"train/loss": 0.0006337128614496955, "valid/loss": 0.0010587707931831042, "lr": 9.607359798384784e-06, "f1_at_0.15": 0.7671623603782459, "f1_at_0.2": 0.8132410705831404, "f1_at_0.25": 0.8209701228182408, "f1_at_0.3": 0.8131867533021212, "_timestamp": 1651509510, "_runtime": 15196, "_step": 29, "_wandb": {"runtime": 15198}}