{"train/loss": 0.0008324907134868504, "valid/loss": 0.0072046415264015225, "lr": 9.607359798384784e-06, "f1_at_0.15": 0.17128186036173018, "f1_at_0.2": 0.26678448174305813, "f1_at_0.25": 0.3204243527300739, "f1_at_0.3": 0.3509471051711786, "_timestamp": 1652819300, "_runtime": 67390, "_step": 29, "_wandb": {"runtime": 67391}}