{"train/loss": 0.0008522444075002023, "valid/loss": 0.0007680530664889046, "lr": 3.8196601125010525e-05, "f1_at_0.15": 0.774899328102453, "f1_at_0.2": 0.8665691347561753, "f1_at_0.25": 0.8750744047619048, "f1_at_0.3": 0.8727866968101343, "_timestamp": 1652377553, "_runtime": 840, "_step": 7, "_wandb": {"runtime": 841}}