{"f1_at_008_epoch/train": 0.24294802865697518, "_timestamp": 1649597156, "_runtime": 46, "f1_at_01_epoch/train": 0.21273629565836874, "f1_at_02_epoch/train": 0.054287302442834966, "f1_at_03_epoch/train": 0.003198683249939611, "mAP_epoch/train": 0.016779612493254242, "loss_epoch/train": 0.06876505947113037, "loss/mean_epoch/train": 0.06876505947113037, "loss/std_epoch/train": 0.250975676107026, "lr_epoch/train": 0.0006, "momentum_epoch/train": 0.9, "_step": 1, "_wandb": {"runtime": 67}}