{"train/loss": 0.002174551517831572, "valid/loss": 0.0035775119203433235, "lr": 0.0, "f1_at_0.1": 0.7218659246717043, "f1_at_0.2": 0.721502412155414, "f1_at_0.3": 0.6638669992724653, "_timestamp": 1649924842, "_runtime": 25519, "_step": 49, "_wandb": {"runtime": 25520}}