{"train/loss": 0.0005507202718852267, "lr": 9.607359798384784e-06, "_timestamp": 1652947544, "_runtime": 17587, "_step": 29, "_wandb": {"runtime": 17588}}