{"train/loss": 0.001845531621246889, "valid/loss": 0.0036553855690649372, "lr": 0.0, "f1_at_0.15": 0.7293686463842192, "f1_at_0.2": 0.7553081260084806, "f1_at_0.25": 0.7562964179486784, "_timestamp": 1650142405, "_runtime": 19287, "_step": 19, "_wandb": {"runtime": 19288}}