{"train/loss": 0.004300971232939904, "valid/loss": 0.006024592201993196, "lr": 0.0009890738003669028, "f1_at_0.01": 0.0, "f1_at_0.05": 0.0, "f1_at_0.1": 0.0, "f1_at_0.2": 0.0, "f1_at_0.3": 0.0, "f1_at_0.5": 0.0, "f1_at_0.7": 0.0, "_timestamp": 1649845692, "_runtime": 33, "_step": 1, "_wandb": {"runtime": 38}}