{"train/loss": 0.05852726912673782, "valid/loss": 0.04145434842659877, "lr": 0.0009890738003669028, "f1_at_0.1": 0.41192785846631996, "f1_at_0.15": 0.41235431235431236, "f1_at_0.2": 0.2508974358974359, "_timestamp": 1650789165, "_runtime": 527, "_step": 1, "_wandb": {"runtime": 655}}