{"train/loss": 0.0006506667221297241, "valid/loss": 0.001173543023900235, "lr": 9.607359798384784e-06, "f1_at_0.15": 0.7707469886006185, "f1_at_0.2": 0.8036001679479938, "f1_at_0.25": 0.8040531207922509, "f1_at_0.3": 0.790903661555835, "_timestamp": 1651224862, "_runtime": 95372, "_step": 29, "_wandb": {"runtime": 95373}}