{"train/loss": 0.0006279226477106788, "valid/loss": 0.0011445579084230681, "lr": 9.607359798384784e-06, "f1_at_0.15": 0.7752013051219394, "f1_at_0.2": 0.8151885785958367, "f1_at_0.25": 0.8211180695051657, "f1_at_0.3": 0.8190832315832316, "_timestamp": 1651525027, "_runtime": 15510, "_step": 29, "_wandb": {"runtime": 15511}}