{"train/loss": 0.0042025464053656305, "valid/loss": 0.0052514761844848065, "lr": 0.0005392295478639224, "f1_at_0.15": 0.6348896704378291, "f1_at_0.2": 0.6795978404287618, "f1_at_0.25": 0.6670900418837292, "_timestamp": 1650519526, "_runtime": 10053, "_step": 18, "_wandb": {"runtime": 10539}}