{"train/loss": 0.0009222133537992637, "lr": 9.607359798384784e-06, "_timestamp": 1653139828, "_runtime": 19529, "_step": 29, "_wandb": {"runtime": 19530}}