{"train/loss": 9.111836552619934, "valid/loss": 5.346344411373138, "lr": 0.000989073800366903, "_timestamp": 1650879496, "_runtime": 42, "_step": 2, "_wandb": {"runtime": 44}}