{"f1_at_05_epoch/train": 0.061190135510478916, "_timestamp": 1647837194, "_runtime": 4488, "f1_at_03_epoch/train": 0.1967567264259462, "f1_at_07_epoch/train": 0.009510983923912128, "mAP_epoch/train": 0.23758256645540268, "loss_epoch/train": 0.004969986565674474, "loss/mean_epoch/train": 0.004969986565674474, "loss/std_epoch/train": 0.00035986128044489176, "lr_epoch/train": 7.612046748871329e-05, "momentum_epoch/train": 0.9, "f1_at_05_epoch/valid": 0.15785930663076406, "f1_at_03_epoch/valid": 0.3379333557724672, "f1_at_07_epoch/valid": 0.054863682261864694, "mAP_epoch/valid": 0.24769287539943785, "loss_epoch/valid": 0.00427809774340232, "loss/mean_epoch/valid": 0.00427809774340232, "loss/std_epoch/valid": 0.001824213307743398, "lr_epoch/valid": 7.612046748871329e-05, "momentum_epoch/valid": 0.9, "lr_epoch/_epoch_": 0.0, "momentum_epoch/_epoch_": 0.9, "_step": 8, "_wandb": {"runtime": 4488}}