{"train/loss": 0.000202618555933116, "valid/loss": 0.000784027616168169, "lr": 1.3695261579316502e-06, "f1_at_0.15": 0.8755316840277777, "f1_at_0.2": 0.9006455567002442, "f1_at_0.25": 0.9079372233669107, "f1_at_0.3": 0.9191284626831502, "_timestamp": 1652593336, "_runtime": 1546, "_step": 28, "_wandb": {"runtime": 1547}}