{"train/loss": 2.6816452142371925e-05, "valid/loss": 0.008791113092053321, "lr": 0.0007978087581473094, "f1_at_0.1": 0.10654301141620749, "f1_at_0.2": 0.010416666666666666, "f1_at_0.3": 0.0, "_timestamp": 1649313451, "_runtime": 2756, "_step": 0, "_wandb": {"runtime": 5059}}