{"train/loss": 0.0010432754927908363, "valid/loss": 0.0011009873145268552, "lr": 1.092619963309716e-05, "f1_at_0.15": 0.7239060737145634, "f1_at_0.2": 0.7851858801791596, "f1_at_0.25": 0.788934922811491, "f1_at_0.3": 0.7759527532320989, "_timestamp": 1652364588, "_runtime": 25955, "_step": 27, "_wandb": {"runtime": 25956}}