{"train/loss": 0.0037733294903450915, "valid/loss": 0.0035382129271772315, "lr": 0.0, "f1_at_0.15": 0.6267827855261364, "f1_at_0.2": 0.6842850391498442, "f1_at_0.25": 0.6745088640755751, "_timestamp": 1650065062, "_runtime": 28816, "_step": 29, "_wandb": {"runtime": 28819}}