{"train/loss": 0.004047495351547979, "valid/loss": 0.00406632468755912, "lr": 0.0007464101615137755, "f1_at_0.1": 0.0, "f1_at_0.2": 0.0, "f1_at_0.3": 0.0, "_timestamp": 1649844130, "_runtime": 2618, "_step": 4, "_wandb": {"runtime": 2681}}