{"train/loss": 0.0015300489576020812, "valid/loss": 0.0016746943464240605, "lr": 0.00048393920132778123, "f1_at_0.15": 0.5520866301321501, "f1_at_0.2": 0.6367233661193391, "f1_at_0.25": 0.6499050185459578, "f1_at_0.3": 0.6157502396931926, "_timestamp": 1652675328, "_runtime": 9451, "_step": 14, "_wandb": {"runtime": 9684}}