{"train/loss": 0.001515013910362219, "valid/loss": 0.002196145227847875, "lr": 0.00034365164835397776, "f1_at_0.2": 0.5334341431003617, "f1_at_0.22": 0.5431480846579414, "f1_at_0.24": 0.5418646280541443, "f1_at_0.26": 0.5369699216305401, "f1_at_0.28": 0.5270911264246839, "_timestamp": 1650198349, "_runtime": 5550, "_step": 33, "_wandb": {"runtime": 5626}}