{"train/loss": 0.0248700241957392, "valid/loss": 0.025371540027360123, "lr": 0.0, "f1_at_0.1": 0.45490747923100866, "f1_at_0.2": 0.5919430014430014, "f1_at_0.3": 0.5141904761904762, "f1_at_0.4": 0.39266666666666666, "_timestamp": 1650720483, "_runtime": 4060, "_step": 29, "_wandb": {"runtime": 4062}}