{"train/loss": 0.035232442209408396, "valid/loss": 0.031473824133475624, "lr": 0.0, "f1_at_0.15": 0.48784350072585364, "f1_at_0.2": 0.49146031746031743, "f1_at_0.25": 0.4102301587301587, "_timestamp": 1650749000, "_runtime": 3437, "_step": 29, "_wandb": {"runtime": 3438}}