{"f1_at_05_epoch/train": 0.0, "_timestamp": 1647832623, "_runtime": 136, "f1_at_03_epoch/train": 0.0, "f1_at_07_epoch/train": 0.0, "mAP_epoch/train": 0.009476315744409472, "loss_epoch/train": 0.010845091752707958, "loss/mean_epoch/train": 0.010845091752707958, "loss/std_epoch/train": 0.0014436050316664684, "lr_epoch/train": 0.0015, "momentum_epoch/train": 0.9, "f1_at_05_epoch/valid": 0.0, "f1_at_03_epoch/valid": 0.001, "f1_at_07_epoch/valid": 0.0, "mAP_epoch/valid": 0.007788380400966265, "loss_epoch/valid": 0.018059074088931083, "loss/mean_epoch/valid": 0.018059074088931083, "loss/std_epoch/valid": 0.006136442223273995, "lr_epoch/valid": 0.0015, "momentum_epoch/valid": 0.9, "lr_epoch/_epoch_": 0.0005000000000000002, "momentum_epoch/_epoch_": 0.9, "_step": 2, "_wandb": {"runtime": 142}}