{"train/loss": 0.0010008025226945654, "valid/loss": 0.002641285835573653, "lr": 7.367991782295387e-05, "f1_at_0.15": 0.811824831381283, "f1_at_0.2": 0.8217690314464505, "f1_at_0.25": 0.8161966487067295, "_timestamp": 1650602976, "_runtime": 82703, "_step": 32, "_wandb": {"runtime": 86007}}