{"train/loss": 0.005817551756658221, "valid/loss": 0.005422196417868613, "lr": 0.0009972609476841367, "f1_at_0.15": 0.5070832043894619, "f1_at_0.2": 0.5233374291275443, "f1_at_0.25": 0.48901489730390435, "_timestamp": 1650084022, "_runtime": 973, "_step": 0, "_wandb": {"runtime": 1260}}