{"train/loss": 0.0006704621875005419, "valid/loss": 0.0010825589321419359, "lr": 9.607359798384784e-06, "f1_at_0.15": 0.7378251490889124, "f1_at_0.2": 0.7967803496533333, "f1_at_0.25": 0.8030668741354227, "f1_at_0.3": 0.7865765917177209, "_timestamp": 1651540475, "_runtime": 15442, "_step": 29, "_wandb": {"runtime": 15442}}