{"train/loss": 0.0007780817442970005, "valid/loss": 0.002366376307089356, "lr": 0.0, "f1_at_0.2": 0.6159318479210952, "f1_at_0.22": 0.6226864377906047, "f1_at_0.24": 0.6220046267369298, "f1_at_0.26": 0.6201405940485242, "f1_at_0.28": 0.6153162852927637, "_timestamp": 1650215787, "_runtime": 17302, "_step": 89, "_wandb": {"runtime": 17303}}