{"train/loss": 0.004857971371459452, "valid/loss": 0.003994888728227046, "lr": 0.0004998477067547739, "f1_at_0.01": 0.0, "f1_at_0.05": 0.0, "f1_at_0.1": 0.0, "f1_at_0.2": 0.0, "f1_at_0.3": 0.0, "f1_at_0.5": 0.0, "f1_at_0.7": 0.0, "_timestamp": 1649846337, "_runtime": 528, "_step": 0, "_wandb": {"runtime": 928}}