{"train/loss": 0.000967445114241933, "valid/loss": 0.0028792750910275004, "lr": 0.0, "f1_at_0.1": 0.7166704856817867, "f1_at_0.2": 0.7861164039647461, "f1_at_0.3": 0.7682976828362135, "_timestamp": 1649409845, "_runtime": 90192, "_step": 29, "_wandb": {"runtime": 90194}}