{"train/loss": 0.0016105365050676208, "valid/loss": 0.002661838101708801, "lr": 0.0, "f1_at_0.1": 0.6724891213265651, "f1_at_0.2": 0.7889788933023698, "f1_at_0.3": 0.7633135362414037, "_timestamp": 1649749957, "_runtime": 85675, "_step": 29, "_wandb": {"runtime": 85676}}