{"train/loss": 0.013254539342597127, "valid/loss": 0.006448077503591776, "lr": 0.000593988511510976, "f1_at_0.15": 0.032813291097387384, "f1_at_0.2": 0.03825066469585626, "f1_at_0.25": 0.04639756944444444, "f1_at_0.3": 0.04389880952380952, "_timestamp": 1651669768, "_runtime": 80, "_step": 2, "_wandb": {"runtime": 82}}