{"train/loss": 0.002491068388510656, "valid/loss": 0.0036862868384676096, "lr": 0.0, "f1_at_0.15": 0.6610577717215206, "f1_at_0.2": 0.707608471898144, "f1_at_0.25": 0.695477799838394, "_timestamp": 1650103816, "_runtime": 19336, "_step": 19, "_wandb": {"runtime": 19337}}