{"f1_at_008_epoch/train": 0.7583002285695308, "_timestamp": 1649118430, "_runtime": 19446, "f1_at_01_epoch/train": 0.8280714547802868, "f1_at_02_epoch/train": 0.9187164512768419, "f1_at_03_epoch/train": 0.8972496618401844, "mAP_epoch/train": 0.8892117033844557, "loss_epoch/train": 0.0010665558982598492, "loss/mean_epoch/train": 0.0010665558982598492, "loss/std_epoch/train": 0.00040614921939574524, "lr_epoch/train": 8.740959706477858e-06, "momentum_epoch/train": 0.9, "f1_at_008_epoch/valid": 0.5940849850779615, "f1_at_01_epoch/valid": 0.6859519580433707, "f1_at_02_epoch/valid": 0.8069973315513538, "f1_at_03_epoch/valid": 0.7661559092390461, "mAP_epoch/valid": 0.6731565588119507, "loss_epoch/valid": 0.002372355180562422, "loss/mean_epoch/valid": 0.002372355180562422, "loss/std_epoch/valid": 0.0015012862609052667, "lr_epoch/valid": 8.740959706477858e-06, "momentum_epoch/valid": 0.9, "lr_epoch/_epoch_": 0.0, "momentum_epoch/_epoch_": 0.9, "_step": 45, "_wandb": {"runtime": 19448}}