{"train/loss": 0.0021249101421594446, "valid/loss": 0.001767702917326922, "lr": 0.000777785116509801, "f1_at_0.15": 0.5514438136213645, "f1_at_0.2": 0.6164083336350364, "f1_at_0.25": 0.6055635856991144, "f1_at_0.3": 0.5737559500104306, "_timestamp": 1651116106, "_runtime": 3652, "_step": 9}