{"train/loss": 0.002103019367261309, "valid/loss": 0.002688901797306263, "lr": 0.0, "f1_at_0.1": 0.6294631138866439, "f1_at_0.2": 0.7675948764994468, "f1_at_0.3": 0.7364750562891247, "_timestamp": 1649519747, "_runtime": 97451, "_step": 29, "_wandb": {"runtime": 97453}}