{"train/loss": 0.0007660279944473352, "valid/loss": 0.0010122041577399427, "lr": 9.607359798384784e-06, "f1_at_0.15": 0.7645293679716725, "f1_at_0.2": 0.8025644627011117, "f1_at_0.25": 0.8063592694641081, "f1_at_0.3": 0.7954109978863567, "_timestamp": 1652001596, "_runtime": 26495, "_step": 29, "_wandb": {"runtime": 26496}}