{"train/loss": 0.001770599107201616, "valid/loss": 0.002314258939171635, "lr": 0.0, "f1_at_0.15": 0.7941705005717105, "f1_at_0.2": 0.8105795153174186, "f1_at_0.25": 0.8026008415121318, "_timestamp": 1650641002, "_runtime": 34596, "_step": 19, "_wandb": {"runtime": 34597}}