{"train/loss": 0.0012680801521616461, "valid/loss": 0.0022658084970103294, "lr": 0.0, "f1_at_0.01": 0.571844598054276, "f1_at_0.1": 0.5586929199832429, "f1_at_0.2": 0.5448467974677654, "f1_at_0.3": 0.5290185844621335, "f1_at_0.4": 0.5155985255783649, "_timestamp": 1650688152, "_runtime": 19823, "_step": 39, "_wandb": {"runtime": 19823}}