{"train/loss": 0.0006223127472517297, "valid/loss": 0.0010615937447794551, "lr": 9.607359798384784e-06, "f1_at_0.15": 0.7540059924774897, "f1_at_0.2": 0.8069915187858737, "f1_at_0.25": 0.8190214019851116, "f1_at_0.3": 0.810970850386173, "_timestamp": 1651555631, "_runtime": 15150, "_step": 29, "_wandb": {"runtime": 15150}}