{"train/loss": 0.0005278333801205579, "valid/loss": 0.0011853275406884679, "lr": 2.7390523158633003e-06, "f1_at_0.15": 0.7717088308711302, "f1_at_0.2": 0.8039537129702901, "f1_at_0.25": 0.8082624843545542, "f1_at_0.3": 0.8073418032087386, "_timestamp": 1652464432, "_runtime": 14662, "_step": 28, "_wandb": {"runtime": 14664}}