{"f1_at_008_epoch/train": 0.7809060153492658, "_timestamp": 1649206701, "_runtime": 34193, "f1_at_01_epoch/train": 0.8305163848220406, "f1_at_02_epoch/train": 0.9050205982703247, "f1_at_03_epoch/train": 0.8800563196868222, "mAP_epoch/train": 0.8991717749188588, "loss_epoch/train": 0.0011854685521837042, "loss/mean_epoch/train": 0.0011854685521837042, "loss/std_epoch/train": 0.00033704860818017517, "lr_epoch/train": 0.00033054072893323077, "momentum_epoch/train": 0.9, "f1_at_008_epoch/valid": 0.668095714834522, "f1_at_01_epoch/valid": 0.7089231482599976, "f1_at_02_epoch/valid": 0.7743167244513591, "f1_at_03_epoch/valid": 0.7582623367880857, "mAP_epoch/valid": 0.651528955438585, "loss_epoch/valid": 0.003285402346506479, "loss/mean_epoch/valid": 0.003285402346506479, "loss/std_epoch/valid": 0.0016554640830048547, "lr_epoch/valid": 0.00033054072893323077, "momentum_epoch/valid": 0.9, "lr_epoch/_epoch_": 0.0002000000000000022, "momentum_epoch/_epoch_": 0.9, "_step": 60, "_wandb": {"runtime": 34194}}