{"train/loss": 0.0020744425732878466, "valid/loss": 0.0015937643939183674, "lr": 0.0007314038596975369, "f1_at_0.15": 0.6143674383453729, "f1_at_0.2": 0.6654108879803325, "f1_at_0.25": 0.6473192816326779, "f1_at_0.3": 0.6052973168060534, "_timestamp": 1651974246, "_runtime": 6156, "_step": 6, "_wandb": {"runtime": 6962}}