{"train/loss": 0.0005355316443745639, "valid/loss": 0.0015685265069847497, "lr": 0.00026864146101970404, "f1_at_0.15": 0.5978029288016327, "f1_at_0.2": 0.6833843375118541, "f1_at_0.25": 0.6995679469672762, "f1_at_0.3": 0.6832553240942505, "_timestamp": 1652705814, "_runtime": 30183, "_step": 47, "_wandb": {"runtime": 30794}}