{"train/loss": 0.011726673350085473, "lr": 9.607359798384784e-06, "_timestamp": 1653187819, "_runtime": 13234, "_step": 29, "_wandb": {"runtime": 13235}}