{"f1_at_05_epoch/train": 0.0075474483743309985, "_timestamp": 1647749819, "_runtime": 209, "f1_at_03_epoch/train": 0.003, "f1_at_07_epoch/train": 0.0, "mAP_epoch/train": 0.011516969720954652, "f1_at_05/mean_epoch/train": 0.0075474483743309985, "f1_at_05/std_epoch/train": 0.0007270087656162994, "lr_epoch/train": 0.0002500000000000001, "momentum_epoch/train": 0.9, "f1_at_05_epoch/valid": 0.014800535172224046, "f1_at_03_epoch/valid": 0.004, "f1_at_07_epoch/valid": 0.0, "mAP_epoch/valid": 0.012831780555536128, "f1_at_05/mean_epoch/valid": 0.014800535172224046, "f1_at_05/std_epoch/valid": 0.005115887082509438, "lr_epoch/valid": 0.0002500000000000001, "momentum_epoch/valid": 0.9, "lr_epoch/_epoch_": 0.0, "momentum_epoch/_epoch_": 0.9, "_step": 3, "_wandb": {"runtime": 208}}