{"train/loss": 0.00016058055425862618, "valid/loss": 0.001277089739839045, "lr": 9.607359798384784e-06, "f1_at_0.15": 0.8149829628464264, "f1_at_0.2": 0.8251800313096234, "f1_at_0.25": 0.8239756408383202, "f1_at_0.3": 0.8159052334231546, "_timestamp": 1651954024, "_runtime": 26433, "_step": 29, "_wandb": {"runtime": 26435}}