{"train/loss": 0.0006165970659061257, "valid/loss": 0.0010738552639812493, "lr": 9.607359798384784e-06, "f1_at_0.15": 0.7489115526557177, "f1_at_0.2": 0.8022647970060607, "f1_at_0.25": 0.8148629198360379, "f1_at_0.3": 0.8076117298339522, "_timestamp": 1651494304, "_runtime": 15127, "_step": 29, "_wandb": {"runtime": 15129}}