{"train/loss": 0.0009648877057770733, "valid/loss": 0.0013408425864287882, "lr": 2.67675355356599e-06, "f1_at_0.15": 0.6812899304498766, "f1_at_0.2": 0.7131251406565029, "f1_at_0.25": 0.7008950013878327, "f1_at_0.3": 0.6784581876539764, "_timestamp": 1651716722, "_runtime": 47019, "_step": 44, "_wandb": {"runtime": 47021}}