{"f1_at_05_epoch/train": 0.0, "_timestamp": 1648223957, "_runtime": 181, "f1_at_03_epoch/train": 0.001, "f1_at_07_epoch/train": 0.0, "mAP_epoch/train": 0.009184400495701536, "loss_epoch/train": 0.011857025235891343, "loss/mean_epoch/train": 0.011857025235891343, "loss/std_epoch/train": 0.0011632949517243162, "lr_epoch/train": 0.0007236067977499789, "momentum_epoch/train": 0.9, "f1_at_05_epoch/valid": 0.0, "f1_at_03_epoch/valid": 0.0, "f1_at_07_epoch/valid": 0.0, "mAP_epoch/valid": 0.008781316462535096, "loss_epoch/valid": 0.02180532556772232, "loss/mean_epoch/valid": 0.02180532556772232, "loss/std_epoch/valid": 0.006016497438545429, "lr_epoch/valid": 0.0007804226065180615, "momentum_epoch/valid": 0.9, "lr_epoch/_epoch_": 0.0007236067977499789, "momentum_epoch/_epoch_": 0.9, "_step": 3, "_wandb": {"runtime": 185}}