{"train/loss": 0.0014801121608514379, "valid/loss": 0.0014971168247358674, "lr": 0.0005975451610080641, "f1_at_0.15": 0.6054802336128474, "f1_at_0.2": 0.6636540652470395, "f1_at_0.25": 0.6634255731053161, "f1_at_0.3": 0.6348139848970965, "_timestamp": 1651902729, "_runtime": 4342, "_step": 13, "_wandb": {"runtime": 4651}}