{"train/loss": 0.0015768205661382748, "valid/loss": 0.0018313853345919846, "lr": 9.607359798384784e-06, "f1_at_0.15": 0.5651555543217079, "f1_at_0.2": 0.6146164711184874, "f1_at_0.25": 0.5963241582193194, "f1_at_0.3": 0.5622686397383979, "_timestamp": 1651347872, "_runtime": 24133, "_step": 29, "_wandb": {"runtime": 24135}}