{"train/loss": 0.00834485043442863, "valid/loss": 0.008354688001175722, "lr": 0.0019569403357322084, "f1_at_0.05": 0.031655387486718485, "f1_at_0.1": 0.07634274733980616, "f1_at_0.15": 0.0, "f1_at_0.2": 0.0, "_timestamp": 1651051314, "_runtime": 2403, "_step": 2, "_wandb": {"runtime": 2623}}