{"train/loss": 11.23548138141632, "valid/loss": 5.03702000528574, "valid/accuracy": 0.734375, "lr": 0.0009951340343707852, "_timestamp": 1650879729, "_runtime": 29, "_step": 1, "_wandb": {"runtime": 38}}