{"train/loss": 0.01986826333564286, "valid/loss": 0.01874958910048008, "lr": 6.698729810778068e-05, "f1_at_0.08": 0.4552164494092418, "f1_at_0.1": 0.512537253649891, "f1_at_0.15": 0.640970316313723, "_timestamp": 1650795841, "_runtime": 6536, "_step": 24, "_wandb": {"runtime": 6574}}