{"train/loss": 0.0, "valid/loss": 0.008791113092053321, "lr": 0.0007978087581473094, "f1_at_0.1": 0.10654301141620749, "f1_at_0.2": 0.010416666666666666, "f1_at_0.3": 0.0, "_timestamp": 1649318965, "_runtime": 2795, "_step": 0, "_wandb": {"runtime": 3438}}