{"train/loss": 0.06951686974627151, "valid/loss": 32.21393986076479, "lr": 0.001996917333733128, "f1_at_0.01": 0.08653846153846154, "f1_at_0.1": 0.08653846153846154, "f1_at_0.2": 0.08653846153846154, "f1_at_0.3": 0.08653846153846154, "f1_at_0.4": 0.08653846153846154, "_timestamp": 1650668312, "_runtime": 15, "_step": 0, "_wandb": {"runtime": 19}}