{"train/loss": 0.001767366072438377, "valid/loss": 0.0024436271410098577, "lr": 4.322727117869965e-05, "f1_at_0.2": 0.7467221312965991, "f1_at_0.25": 0.7764661652128411, "f1_at_0.3": 0.7810120408469258, "f1_at_0.35": 0.7712821391899407, "_timestamp": 1651042507, "_runtime": 37648, "_step": 38, "_wandb": {"runtime": 38232}}