{"f1_at_008_epoch/train": 0.7692410793282285, "_timestamp": 1648931741, "_runtime": 28303, "f1_at_01_epoch/train": 0.8272717889669521, "f1_at_02_epoch/train": 0.9130404403739981, "f1_at_03_epoch/train": 0.8816064865471481, "mAP_epoch/train": 0.8415657567686267, "loss_epoch/train": 0.0011144266421192943, "loss/mean_epoch/train": 0.0011144266421192943, "loss/std_epoch/train": 0.0005904428045000226, "lr_epoch/train": 8.740959706477727e-06, "momentum_epoch/train": 0.9, "f1_at_008_epoch/valid": 0.6927851966916165, "f1_at_01_epoch/valid": 0.7366458715133155, "f1_at_02_epoch/valid": 0.798284377651594, "f1_at_03_epoch/valid": 0.7846593792908165, "mAP_epoch/valid": 0.6570254965667995, "loss_epoch/valid": 0.002915719541737032, "loss/mean_epoch/valid": 0.002915719541737032, "loss/std_epoch/valid": 0.0015016663922998684, "lr_epoch/valid": 8.740959706477727e-06, "momentum_epoch/valid": 0.9, "lr_epoch/_epoch_": 0.0, "momentum_epoch/_epoch_": 0.9, "_step": 15, "_wandb": {"runtime": 28304}}