{"train/loss": 0.004131813620806312, "valid/loss": 0.08458653844588304, "lr": 0.0007804226065180615, "f1_at_0.1": 0.0007033080527808608, "f1_at_0.2": 0.0007718688250493996, "f1_at_0.3": 0.0004084967320261438, "_timestamp": 1649841448, "_runtime": 41, "_step": 2, "_wandb": {"runtime": 43}}