{"f1_at_05_epoch/train": 0.007965880417838087, "_timestamp": 1647755578, "_runtime": 2251, "f1_at_03_epoch/train": 0.004713407962292736, "f1_at_07_epoch/train": 0.0, "mAP_epoch/train": 0.05351465800553086, "f1_at_05/mean_epoch/train": 0.007965880417838087, "f1_at_05/std_epoch/train": 0.000265514193545494, "lr_epoch/train": 0.00014644660940672628, "momentum_epoch/train": 0.9, "f1_at_05_epoch/valid": 0.006464761413210012, "f1_at_03_epoch/valid": 0.021541568495456076, "f1_at_07_epoch/valid": 0.0, "mAP_epoch/valid": 0.08075404192351669, "f1_at_05/mean_epoch/valid": 0.006464761413210012, "f1_at_05/std_epoch/valid": 0.0014774591307770211, "lr_epoch/valid": 0.00014644660940672628, "momentum_epoch/valid": 0.9, "lr_epoch/_epoch_": 0.0, "momentum_epoch/_epoch_": 0.9, "_step": 4, "_wandb": {"runtime": 2252}}