{"train/loss": NaN, "valid/loss": NaN, "valid/accuracy": 0.9163804261250498, "lr": 0.000654508497187474, "_timestamp": 1650882527, "_runtime": 1293, "_step": 17, "_wandb": {"runtime": 1368}}