{"f1_at_008_epoch/train": 0.6894545776330756, "_timestamp": 1649255635, "_runtime": 32070, "f1_at_01_epoch/train": 0.7512370262370575, "f1_at_02_epoch/train": 0.8326857531175349, "f1_at_03_epoch/train": 0.779801368379771, "mAP_epoch/train": 0.7507265694505498, "loss_epoch/train": 0.0019134705861435103, "loss/mean_epoch/train": 0.0019134705861435103, "loss/std_epoch/train": 0.0003786680505379071, "lr_epoch/train": 0.0004870469405576216, "momentum_epoch/train": 0.9, "f1_at_008_epoch/valid": 0.6076496331573711, "f1_at_01_epoch/valid": 0.6552716760554289, "f1_at_02_epoch/valid": 0.7215145395387736, "f1_at_03_epoch/valid": 0.6925654341171003, "mAP_epoch/valid": 0.5937001471392507, "loss_epoch/valid": 0.003649384705885839, "loss/mean_epoch/valid": 0.003649384705885839, "loss/std_epoch/valid": 0.0016548309812441182, "lr_epoch/valid": 0.0004870469405576216, "momentum_epoch/valid": 0.9, "lr_epoch/_epoch_": 0.0005702906603707276, "momentum_epoch/_epoch_": 0.9, "_step": 55, "_wandb": {"runtime": 32071}}