{"train/loss": 0.001967879172664981, "valid/loss": 0.0029445216025730287, "lr": 0.0, "f1_at_0.15": 0.7267409088266233, "f1_at_0.2": 0.7485092592592594, "f1_at_0.25": 0.736216463166463, "_timestamp": 1650973426, "_runtime": 15930, "_step": 29, "_wandb": {"runtime": 15933}}