{"train/loss": 0.0009556533411481995, "lr": 9.607359798384784e-06, "_timestamp": 1653207927, "_runtime": 17590, "_step": 29, "_wandb": {"runtime": 17591}}