{"f1_at_05_epoch/train": 0.051055319117178824, "_timestamp": 1647804021, "_runtime": 563, "f1_at_03_epoch/train": 0.00013218541945224257, "f1_at_07_epoch/train": 2.4047999807616e-05, "mAP_epoch/train": 0.010392103047973545, "f1_at_05/mean_epoch/train": 0.051055319117178824, "f1_at_05/std_epoch/train": 0.45355914074794135, "lr_epoch/train": 0.002, "momentum_epoch/train": 0.9, "f1_at_05_epoch/valid": 0.007478861795573453, "f1_at_03_epoch/valid": 0.011780545270952542, "f1_at_07_epoch/valid": 0.0, "mAP_epoch/valid": 0.024163716375476308, "f1_at_05/mean_epoch/valid": 0.007478861795573453, "f1_at_05/std_epoch/valid": 0.0012509126259849072, "lr_epoch/valid": 0.002, "momentum_epoch/valid": 0.9, "lr_epoch/_epoch_": 0.0019510565162951536, "momentum_epoch/_epoch_": 0.9, "_step": 1, "_wandb": {"runtime": 728}}