{"f1_at_008_epoch/train": 0.7583076232670583, "_timestamp": 1649169441, "_runtime": 25673, "f1_at_01_epoch/train": 0.8172292163452048, "f1_at_02_epoch/train": 0.8903724374644331, "f1_at_03_epoch/train": 0.8580945567352435, "mAP_epoch/train": 0.8696705467468591, "loss_epoch/train": 0.0013099736000239774, "loss/mean_epoch/train": 0.0013099736000239774, "loss/std_epoch/train": 0.00029340974499805664, "lr_epoch/train": 2.4122951685636987e-05, "momentum_epoch/train": 0.9, "f1_at_008_epoch/valid": 0.6664093350111487, "f1_at_01_epoch/valid": 0.7172904689615246, "f1_at_02_epoch/valid": 0.7918010950491596, "f1_at_03_epoch/valid": 0.7710847718420927, "mAP_epoch/valid": 0.6624220932900233, "loss_epoch/valid": 0.002908540404681022, "loss/mean_epoch/valid": 0.002908540404681022, "loss/std_epoch/valid": 0.0014593175008056434, "lr_epoch/valid": 2.4122951685636987e-05, "momentum_epoch/valid": 0.9, "lr_epoch/_epoch_": 0.0, "momentum_epoch/_epoch_": 0.9, "_step": 45, "_wandb": {"runtime": 25674}}