{"train/loss": 0.0006361538373742513, "valid/loss": 0.0010439723601623598, "lr": 9.607359798384784e-06, "f1_at_0.15": 0.7541420458079683, "f1_at_0.2": 0.8052120505357513, "f1_at_0.25": 0.8084352981082366, "f1_at_0.3": 0.7981896942414416, "_timestamp": 1651668016, "_runtime": 26487, "_step": 29, "_wandb": {"runtime": 26488}}