{"train/loss": 0.00029931789310934154, "valid/loss": 0.002549236212571743, "lr": 0.00011752018394169868, "f1_at_0.05": 0.4952716397735031, "f1_at_0.1": 0.6053082386032638, "f1_at_0.2": 0.6624973509830142, "f1_at_0.3": 0.6547769683522372, "f1_at_0.5": 0.5872518656008799, "_timestamp": 1649879197, "_runtime": 31602, "_step": 60, "_wandb": {"runtime": 31801}}