{"train/loss": 0.0, "valid/loss": 0.07907264493405819, "lr": 0.0007912590402935223, "f1_at_0.1": 0.01686942216926208, "f1_at_0.2": 0.01896271032648763, "f1_at_0.3": 0.009772898631656627, "_timestamp": 1649315901, "_runtime": 73, "_step": 1, "_wandb": {"runtime": 81}}