{"train/loss": 0.0006225447997319943, "valid/loss": 0.001100224673144788, "lr": 9.607359798384784e-06, "f1_at_0.15": 0.7336412493627157, "f1_at_0.2": 0.7992367312595807, "f1_at_0.25": 0.8089933745399694, "f1_at_0.3": 0.7971562355074904, "_timestamp": 1651290007, "_runtime": 26363, "_step": 29, "_wandb": {"runtime": 26364}}