{"train/loss": 0.00540364529020783, "valid/loss": 0.01802878439417805, "lr": 0.0005992692150779471, "f1_at_0.15": 0.02253921097577718, "f1_at_0.2": 0.0227769705035401, "f1_at_0.25": 0.02165961633216926, "f1_at_0.3": 0.02135161824874001, "_timestamp": 1652706707, "_runtime": 47, "_step": 1, "_wandb": {"runtime": 54}}