{"f1_at_05_epoch/train": 0.00021300858202123147, "_timestamp": 1647829510, "_runtime": 25205, "f1_at_03_epoch/train": 0.971635384226917, "f1_at_07_epoch/train": 0.8436158572510731, "mAP_epoch/train": 0.9923724880830701, "f1_at_05/mean_epoch/train": 0.00021300858202123147, "f1_at_05/std_epoch/train": 0.00013483658626643099, "lr_epoch/train": 2.4359497401758037e-06, "momentum_epoch/train": 0.9, "f1_at_05_epoch/valid": 0.002806145443763798, "f1_at_03_epoch/valid": 0.78772579378436, "f1_at_07_epoch/valid": 0.6758667115449344, "mAP_epoch/valid": 0.6699799143822963, "f1_at_05/mean_epoch/valid": 0.002806145443763798, "f1_at_05/std_epoch/valid": 0.0017907285725585994, "lr_epoch/valid": 2.4359497401758037e-06, "momentum_epoch/valid": 0.9, "lr_epoch/_epoch_": 0.0, "momentum_epoch/_epoch_": 0.9, "_step": 45, "_wandb": {"runtime": 25207}}