{"train/loss": 0.007557884184142915, "valid/loss": 0.00963365694668184, "lr": 0.0009806308479691596, "f1_at_0.1": 0.041793923295939436, "f1_at_0.15": 0.00013440860215053763, "f1_at_0.2": 0.0, "_timestamp": 1650955038, "_runtime": 7964, "_step": 3, "_wandb": {"runtime": 9322}}