{"f1_at_008_epoch/train": 0.8540019433705348, "_timestamp": 1648896128, "_runtime": 18099, "f1_at_01_epoch/train": 0.8984628425563532, "f1_at_02_epoch/train": 0.9115815596835712, "f1_at_03_epoch/train": 0.8713153454294773, "mAP_epoch/train": 0.9169201890724074, "loss_epoch/train": 0.0012967393811321496, "loss/mean_epoch/train": 0.0012967393811321496, "loss/std_epoch/train": 0.0006705763372596786, "lr_epoch/train": 1.6102824019043731e-06, "momentum_epoch/train": 0.9, "f1_at_008_epoch/valid": 0.7354872340620539, "f1_at_01_epoch/valid": 0.784628200439375, "f1_at_02_epoch/valid": 0.8036636350672028, "f1_at_03_epoch/valid": 0.7632987566679925, "mAP_epoch/valid": 0.7199282649961346, "loss_epoch/valid": 0.003401021633998754, "loss/mean_epoch/valid": 0.003401021633998754, "loss/std_epoch/valid": 0.0032060947574834107, "lr_epoch/valid": 1.6102824019043731e-06, "momentum_epoch/valid": 0.9, "lr_epoch/_epoch_": 0.0, "momentum_epoch/_epoch_": 0.9, "_step": 35, "_wandb": {"runtime": 18101}}