{"train/loss": 19.363635063171387, "valid/loss": 23.792962074279785, "lr": 0.0009951340343707852, "_timestamp": 1650877722, "_runtime": 135, "_step": 1, "_wandb": {"runtime": 158}}