{"train/loss": 0.0017864544762008052, "valid/loss": 0.002707566608429476, "lr": 0.00014831583923105002, "f1_at_0.15": 0.7254276761669237, "f1_at_0.2": 0.7376978263533671, "f1_at_0.25": 0.7116690085794777, "_timestamp": 1650345018, "_runtime": 57229, "_step": 37, "_wandb": {"runtime": 57464}}