{"train/loss": 0.0014210717126687047, "lr": 0.0, "f1_at_0.15": 0.9038934221393892, "f1_at_0.2": 0.897723984871162, "f1_at_0.25": 0.8828608667318345, "f1_at_0.3": 0.8625530700631501, "_timestamp": 1652905882, "_runtime": 26199, "_step": 39, "_wandb": {"runtime": 26200}}