{"f1_at_005_epoch/train": 0.11584290934887456, "_timestamp": 1648801186, "_runtime": 5311, "f1_at_01_epoch/train": 0.32370832181033343, "f1_at_03_epoch/train": 0.08669303930645568, "f1_at_05_epoch/train": 0.013466879892264961, "f1_at_07_epoch/train": 0.0, "mAP_epoch/train": 0.17841333675178425, "loss_epoch/train": 0.006116590380788421, "loss/mean_epoch/train": 0.006116590380788421, "loss/std_epoch/train": 0.0003349031345894863, "lr_epoch/train": 7.639320225002105e-05, "momentum_epoch/train": 0.9, "f1_at_005_epoch/valid": 0.0931860786355463, "f1_at_01_epoch/valid": 0.2733989896561421, "f1_at_03_epoch/valid": 0.1969033995287782, "f1_at_05_epoch/valid": 0.05856613934702121, "f1_at_07_epoch/valid": 0.009761023224503534, "mAP_epoch/valid": 0.2108251673979468, "loss_epoch/valid": 0.005019401645558085, "loss/mean_epoch/valid": 0.005019401645558085, "loss/std_epoch/valid": 0.0018104788608862925, "lr_epoch/valid": 7.639320225002105e-05, "momentum_epoch/valid": 0.9, "lr_epoch/_epoch_": 1.9577393481938583e-05, "momentum_epoch/_epoch_": 0.9, "_step": 9}