{"train/loss": 15.312102794647217, "valid/loss": 5.73820960521698, "lr": 0.0009987820251299122, "_timestamp": 1650879138, "_runtime": 68, "_step": 0, "_wandb": {"runtime": 79}}