{"train/loss": 0.29381759308561545, "valid/loss": 0.04808918459376658, "lr": 0.0005992692150779471, "f1_at_0.15": 0.06059613494923026, "f1_at_0.2": 0.07606490872210953, "f1_at_0.25": 0.06127450980392157, "f1_at_0.3": 0.07439024390243903, "_timestamp": 1652706565, "_runtime": 15, "_step": 1, "_wandb": {"runtime": 24}}