{"train/loss": 0.0004754660205579046, "valid/loss": 0.0010631948830752253, "lr": 9.607359798384784e-06, "f1_at_0.15": 0.7715331490176012, "f1_at_0.2": 0.8192261945790172, "f1_at_0.25": 0.8264531381186849, "f1_at_0.3": 0.8191787008375271, "_timestamp": 1651403722, "_runtime": 22270, "_step": 29, "_wandb": {"runtime": 22271}}