{"train/loss": 0.0010574019443244358, "valid/loss": 0.0020077929910835603, "lr": 5.764415879030873e-06, "f1_at_0.15": 0.6246499060996181, "f1_at_0.2": 0.653084745320039, "f1_at_0.25": 0.6421278870522563, "f1_at_0.3": 0.6139764325310539, "_timestamp": 1651805463, "_runtime": 54285, "_step": 29, "_wandb": {"runtime": 54287}}