{"train/loss": 0.0018733834793981446, "valid/loss": 0.0027373738294625854, "lr": 0.0, "f1_at_0.15": 0.7322817578266013, "f1_at_0.2": 0.7554294368456601, "f1_at_0.25": 0.7457889218084254, "_timestamp": 1650282147, "_runtime": 43246, "_step": 44, "_wandb": {"runtime": 43247}}