{"f1_at_008_epoch/train": 0.7063246628725618, "_timestamp": 1649628827, "_runtime": 31600, "f1_at_01_epoch/train": 0.7941673634324282, "f1_at_02_epoch/train": 0.8267901215674972, "f1_at_03_epoch/train": 0.7530973823752208, "mAP_epoch/train": 0.8161914538863956, "loss_epoch/train": 0.00222675282666164, "loss/mean_epoch/train": 0.00222675282666164, "loss/std_epoch/train": 0.0008566044845357398, "lr_epoch/train": 0.0002479055466999231, "momentum_epoch/train": 0.9, "f1_at_008_epoch/valid": 0.5893082934546442, "f1_at_01_epoch/valid": 0.6907874756034418, "f1_at_02_epoch/valid": 0.7757093910240999, "f1_at_03_epoch/valid": 0.7183802733785903, "mAP_epoch/valid": 0.6627259261347066, "loss_epoch/valid": 0.003244385313843284, "loss/mean_epoch/valid": 0.003244385313843284, "loss/std_epoch/valid": 0.0018482707315864888, "lr_epoch/valid": 0.0002479055466999231, "momentum_epoch/valid": 0.9, "lr_epoch/_epoch_": 0.00015000000000000167, "momentum_epoch/_epoch_": 0.9, "_step": 60, "_wandb": {"runtime": 31601}}