{"train/loss": 0.003616419067526216, "valid/loss": 0.00378987019599237, "lr": 0.0, "f1_at_0.15": 0.6288718231886122, "f1_at_0.2": 0.6829672685224548, "f1_at_0.25": 0.6739139607601485, "_timestamp": 1650036239, "_runtime": 28874, "_step": 29, "_wandb": {"runtime": 28874}}