{"train/loss": 0.0009256633296316922, "valid/loss": 0.0012299885243090233, "lr": 9.607359798384784e-06, "f1_at_0.15": 0.6724547606983233, "f1_at_0.2": 0.7531309158041657, "f1_at_0.25": 0.7595098544219289, "f1_at_0.3": 0.7423968079826057, "_timestamp": 1651123390, "_runtime": 10936, "_step": 29, "_wandb": {"runtime": 10937}}