{"train/loss": 0.0009402855306069759, "valid/loss": 0.0012368879699428239, "lr": 9.607359798384784e-06, "f1_at_0.05": 0.28020064736359396, "f1_at_0.1": 0.5468381394756542, "f1_at_0.15": 0.7050755427758857, "f1_at_0.2": 0.7591821522727994, "f1_at_0.25": 0.7597261239548472, "_timestamp": 1651090493, "_runtime": 29145, "_step": 29, "_wandb": {"runtime": 29146}}