{"train/loss": 0.01825758721679449, "valid/loss": 0.015174426236906303, "lr": 0.0, "f1_at_0.08": 0.574873637459287, "f1_at_0.1": 0.6234457489289422, "f1_at_0.15": 0.7097630513564579, "_timestamp": 1650807674, "_runtime": 11769, "_step": 44, "_wandb": {"runtime": 11771}}