{"train/loss": 0.00021733639794309107, "valid/loss": 0.0013580774000949384, "lr": 9.607359798384784e-06, "f1_at_0.15": 0.7927938152531946, "f1_at_0.2": 0.8137462169109068, "f1_at_0.25": 0.810416082117471, "f1_at_0.3": 0.8049364075125724, "_timestamp": 1651923352, "_runtime": 15232, "_step": 29, "_wandb": {"runtime": 15234}}