{"train/loss": 0.002591559574664764, "valid/loss": 0.002871050905604651, "lr": 0.0009157348061512726, "f1_at_0.15": 0.2786736037327977, "f1_at_0.2": 0.32757281920588377, "f1_at_0.25": 0.2935827892985148, "f1_at_0.3": 0.23206205197132615, "_timestamp": 1651844513, "_runtime": 16633, "_step": 5, "_wandb": {"runtime": 17623}}