{"train/loss": 0.002465454183392187, "valid/loss": 0.0029508846952960317, "lr": 9.607359798384784e-06, "f1_at_0.2": 0.7228991048423771, "f1_at_0.25": 0.6939563391614406, "f1_at_0.3": 0.6516577962398047, "_timestamp": 1651318122, "_runtime": 15400, "_step": 29, "_wandb": {"runtime": 15402}}