{"train/loss": 0.0015412418092588484, "valid/loss": 0.0016376723737051581, "lr": 0.0008171966420818226, "f1_at_0.15": 0.5573288628868402, "f1_at_0.2": 0.6316947720675942, "f1_at_0.25": 0.6410845712807156, "f1_at_0.3": 0.6146725405965999, "_timestamp": 1651907969, "_runtime": 4897, "_step": 8, "_wandb": {"runtime": 5030}}