{"f1_at_05_epoch/train": 0.8526218331790253, "_timestamp": 1647897940, "_runtime": 25248, "f1_at_03_epoch/train": 0.9381084644951322, "f1_at_07_epoch/train": 0.6927868024577056, "mAP_epoch/train": 0.9676878110883109, "loss_epoch/train": 0.000431347960164229, "loss/mean_epoch/train": 0.000431347960164229, "loss/std_epoch/train": 0.00017605453577774436, "lr_epoch/train": 9.74379896070321e-07, "momentum_epoch/train": 0.9, "f1_at_05_epoch/valid": 0.686974082800404, "f1_at_03_epoch/valid": 0.7569841804106362, "f1_at_07_epoch/valid": 0.5991248737798721, "mAP_epoch/valid": 0.6546018746066814, "loss_epoch/valid": 0.0027181510578430947, "loss/mean_epoch/valid": 0.0027181510578430947, "loss/std_epoch/valid": 0.0015362095955763421, "lr_epoch/valid": 9.74379896070321e-07, "momentum_epoch/valid": 0.9, "lr_epoch/_epoch_": 0.0, "momentum_epoch/_epoch_": 0.9, "_step": 45, "_wandb": {"runtime": 25250}}