{"train/loss": 0.0025122653178480123, "valid/loss": 0.0034904091945908806, "lr": 0.0, "f1_at_0.15": 0.663702833522204, "f1_at_0.2": 0.7196723946446907, "f1_at_0.25": 0.7230863383234839, "_timestamp": 1650123110, "_runtime": 19287, "_step": 19, "_wandb": {"runtime": 19289}}