{"train/loss": 0.00165247658370263, "valid/loss": 0.0012972897762046295, "lr": 0.0, "f1_at_0.15": 0.7347355131652561, "f1_at_0.2": 0.7514578750560579, "f1_at_0.25": 0.7450808746021511, "_timestamp": 1650460674, "_runtime": 21160, "_step": 39, "_wandb": {"runtime": 21162}}