{"train/loss": 0.022390687256656307, "valid/loss": 0.060189927052561376, "lr": 0.0005992692150779471, "f1_at_0.15": 0.08666666666666666, "f1_at_0.2": 0.05, "f1_at_0.25": 0.01, "f1_at_0.3": 0.01, "_timestamp": 1652706523, "_runtime": 33, "_step": 1, "_wandb": {"runtime": 38}}