{"train/loss": 0.038285814283099365, "valid/loss": 0.04251093586065503, "lr": 0.0005983565686104819, "f1_at_0.15": 0.358974358974359, "f1_at_0.2": 0.3611111111111111, "f1_at_0.25": 0.3717948717948718, "f1_at_0.3": 0.5476190476190477, "_timestamp": 1652706608, "_runtime": 18, "_step": 2, "_wandb": {"runtime": 20}}