{"train/loss": 0.0027220109326005796, "valid/loss": 0.003607355347291256, "lr": 0.00011697777844051111, "f1_at_0.15": 0.6419532705389848, "f1_at_0.2": 0.6303929903429903, "f1_at_0.25": 0.5666823361823361, "_timestamp": 1650933364, "_runtime": 50451, "_step": 34, "_wandb": {"runtime": 51059}}