{"train/loss": 0.0015803728423516958, "valid/loss": 0.002489271865999128, "lr": 0.0, "f1_at_0.15": 0.6783719563318736, "f1_at_0.2": 0.7524253692360963, "f1_at_0.25": 0.7827088898509554, "_timestamp": 1651000529, "_runtime": 23907, "_step": 44, "_wandb": {"runtime": 23908}}