{"train/loss": 0.7221140265464783, "valid/loss": 0.22250225767493248, "lr": 0.0009890738003669028, "f1_at_0.15": 0.017036068075567134, "f1_at_0.2": 0.01857991095378237, "f1_at_0.25": 0.02084937469808856, "_timestamp": 1650007247, "_runtime": 42, "_step": 1, "_wandb": {"runtime": 44}}