{"train/loss": 0.0019482484716992145, "valid/loss": 0.003381971121230658, "lr": 4.122147477075271e-05, "f1_at_0.15": 0.6890728122979158, "f1_at_0.2": 0.7374896408916798, "f1_at_0.25": 0.7439369606867391, "_timestamp": 1650155890, "_runtime": 13479, "_step": 13, "_wandb": {"runtime": 13992}}