{"train/loss": 0.005585935282173729, "valid/loss": 0.0051678100233090545, "lr": 0.000499391012564956, "f1_at_0.01": 0.015970619611961816, "f1_at_0.05": 0.016601584834046078, "f1_at_0.1": 0.0172150996086607, "f1_at_0.2": 0.08599950396825398, "f1_at_0.3": 0.09804687499999999, "f1_at_0.5": 0.0, "f1_at_0.7": 0.0, "_timestamp": 1649847533, "_runtime": 35, "_step": 1, "_wandb": {"runtime": 41}}