{"train/loss": 0.21125345677137375, "valid/loss": 0.7634640634059906, "lr": 0.0009755282581475768, "f1_at_0.1": 0.11646566573523096, "f1_at_0.2": 0.11579209406976265, "f1_at_0.3": 0.10746893273639808, "f1_at_0.4": 0.06999183092449346, "_timestamp": 1650711654, "_runtime": 80, "_step": 2, "_wandb": {"runtime": 81}}