{"train/loss": 0.0006208201446246628, "valid/loss": 0.0011277301994774651, "lr": 9.607359798384784e-06, "f1_at_0.15": 0.7747925930973643, "f1_at_0.2": 0.8091157206244572, "f1_at_0.25": 0.8081827782432623, "f1_at_0.3": 0.8004110808546292, "_timestamp": 1651249387, "_runtime": 19432, "_step": 29, "_wandb": {"runtime": 19433}}