{"train/loss": 0.0005547106444223934, "valid/loss": 0.0011062108771152808, "lr": 9.607359798384784e-06, "f1_at_0.15": 0.7448377745273335, "f1_at_0.2": 0.7987292505549671, "f1_at_0.25": 0.8102901719613187, "f1_at_0.3": 0.8058082262719362, "_timestamp": 1651107949, "_runtime": 15182, "_step": 29, "_wandb": {"runtime": 15185}}