{"train/loss": 0.6335669867694378, "valid/loss": 0.05337544623762369, "lr": 0.000599330063586946, "f1_at_0.15": 0.015679056416013373, "f1_at_0.2": 0.016424395335596444, "f1_at_0.25": 0.017480558551720062, "f1_at_0.3": 0.018506823218959724, "_timestamp": 1651669666, "_runtime": 24, "_step": 0, "_wandb": {"runtime": 26}}